Cores, Bandwidth, Avg, Min, Max
1,13874.8,0.086631,0.086488,0.086861
2,28090.6,0.042894,0.042719,0.043149
4,55193.1,0.021779,0.021742,0.02185
8,106573.9,0.011283,0.01126,0.011307
12,151155.2,0.007962,0.007939,0.007994
18,180529.6,0.006672,0.006647,0.006708
24,189516,0.006353,0.006332,0.006371
32,187210.9,0.006438,0.00641,0.006466
36,186683.2,0.006453,0.006428,0.00652
