Cores, Bandwidth, Avg, Min, Max
1,13898.4,0.086515,0.086341,0.086863
2,27909,0.043153,0.042997,0.043386
4,54912.4,0.021882,0.021853,0.021937
8,105477.3,0.011393,0.011377,0.011438
12,152886.1,0.007877,0.007849,0.008006
18,179884.4,0.006711,0.006671,0.006742
24,187818.7,0.00641,0.006389,0.006439
32,187973,0.006404,0.006384,0.00643
36,186856.4,0.006437,0.006422,0.006462
