Cores, Bandwidth, Avg, Min, Max
1,13862.9,0.086712,0.086562,0.086954
2,28130.8,0.042811,0.042658,0.043048
4,50946.6,0.023613,0.023554,0.023967
8,95930.1,0.013823,0.012509,0.014586
12,110977.5,0.011428,0.010813,0.012038
18,121788.8,0.009973,0.009853,0.01016
24,94643.9,0.013283,0.012679,0.017132
32,143472.7,0.008396,0.008364,0.008422
36,149756.5,0.008034,0.008013,0.008059
