Cores, Bandwidth, Avg, Min, Max
1,13860.8,0.086749,0.086575,0.086953
2,27887.7,0.043156,0.04303,0.043382
4,54910,0.021883,0.021854,0.02192
8,105521.5,0.011401,0.011372,0.011441
12,151592.2,0.007942,0.007916,0.008071
18,180698.1,0.006675,0.006641,0.006725
24,188741.3,0.006393,0.006358,0.006416
32,188656.4,0.006386,0.006361,0.006409
36,186655.5,0.006451,0.006429,0.006477