Cores, Bandwidth, Avg, Min, Max
1,10782.2,0.111635,0.111295,0.112019
2,21337.9,0.056703,0.056238,0.057075
4,41478.1,0.029135,0.028931,0.029359
8,66833.5,0.018015,0.017955,0.018081
12,75997.5,0.015832,0.01579,0.0159
18,77469.1,0.015511,0.01549,0.01553
24,103119.6,0.01165,0.011637,0.011661
32,137537,0.008739,0.008725,0.008759
36,150847.1,0.007983,0.007955,0.0081