Cores, Bandwidth, Avg, Min, Max
1,10777.5,0.111605,0.111343,0.111906
2,21592.1,0.055805,0.055576,0.055996
4,42562.3,0.028314,0.028194,0.028484
8,82655.9,0.014583,0.014518,0.014667
12,118318.8,0.010167,0.010142,0.010217
18,139438.3,0.008629,0.008606,0.008679
24,150373.9,0.008013,0.00798,0.008034
32,153928.8,0.00782,0.007796,0.007856
36,153726.7,0.007832,0.007806,0.007854