Cores, Bandwidth, Avg, Min, Max
1,10850.3,0.111092,0.110596,0.111284
2,21649.3,0.055651,0.055429,0.055911
4,34063.8,0.035346,0.035228,0.035427
8,82056.2,0.014712,0.014624,0.014794
12,117545.1,0.010247,0.010209,0.010315
18,136518.5,0.00882,0.00879,0.008836
24,130762.1,0.009572,0.009177,0.009913
32,142772.7,0.008526,0.008405,0.008676
36,145969.2,0.008266,0.008221,0.008294