Cores, Bandwidth, Avg, Min, Max
1,10795.6,0.111519,0.111156,0.111943
2,21346.2,0.056512,0.056216,0.056901
4,41585.7,0.029036,0.028856,0.029211
8,67128.6,0.017925,0.017876,0.01798
12,75561.7,0.015928,0.015881,0.015975
18,77006.8,0.015601,0.015583,0.015619
24,103358.9,0.011627,0.01161,0.01164
32,136830.3,0.008794,0.00877,0.008828
36,152867.6,0.00789,0.00785,0.007929