Cores, Bandwidth, Avg, Min, Max
1,13880.8,0.08661,0.08645,0.086844
2,27363.5,0.043919,0.043854,0.043988
4,53027,0.022676,0.02263,0.022744
8,87565.3,0.01373,0.013704,0.013753
12,94974.3,0.012647,0.012635,0.012668
18,93174,0.012931,0.012879,0.01296
24,125352.8,0.009596,0.009573,0.009634
32,166297.7,0.007231,0.007216,0.007252
36,186572.4,0.006455,0.006432,0.006482
