Cores, Bandwidth, Avg, Min, Max
1,10799.1,0.111286,0.11112,0.111441
2,21501.9,0.05596,0.055809,0.056148
4,42529.2,0.028381,0.028216,0.028487
8,82645,0.014578,0.01452,0.01465
12,118438.6,0.010174,0.010132,0.010229
18,140399,0.008562,0.008547,0.008573
24,123698.4,0.009726,0.009701,0.009764
32,136815.4,0.008781,0.008771,0.008816
36,152303.2,0.0079,0.007879,0.007919